Username,Password
VWKPS,DPVFTAWE
MHALB,KDFFQQAF
PBQJG,CYAKMLSO
PDVIM,QTGJUVDV
QOZKU,DCVLONOG
WFWZU,OBGDGDHJ
YJVCF,DEMTCDGH
OTEMF,VHHYQQGB
GFTAS,XWPUZLYP
OLDXB,JKMCFQXJ
PKXVH,HQGCYFFI
VWHID,DRLUKIGT
WDSBX,TNJEUYWT
XFCPX,CJCDLRUS
JJPVF,LQUHAQPA
EMHXO,TFUMXXWC
NJUUX,ACHDSVPY
XRIOX,VNZZNNBP
XAKWF,TAQNELOH
NRQNH,UOUYLOPR
HRHOZ,QZPZACDN
JMTYP,SBVVMJSW
ZIYLZ,ZKCOPBWW
KNMMZ,WLCOAHBR
OBTIS,IVLTPJWE
ZUAWT,UFHQZOJE
ACAUO,RHNOMWNT
HXJLC,IJNZYVSM
VZIIF,QBIVRZAB
XQKOD,YTWSWPOJ
LWGAH,VCGGOHEH
OGWDY,JURHYIPN
QLUTR,BEJJIVTB
MMIFL,ZNGEAHIV
WPAXK,PJDIRTIQ
OYRXU,THTFFOPX
XJGRU,SJAVVBAE
MSHZN,BIJLBLRE
UHFAD,IEDEGZZO
CVJZV,RDFYSQPC
CKSZV,BEAVAAMM
NJSPQ,RZFEVOXF
GRWKW,TXJMAUFG
DQPOZ,QIHPOIGE
NWLXJ,KROIZLPU
OTSKS,ZWQVPSXJ
QLYNO,DFHILGPH
PVXIM,NNHXBNGZ
TNZJM,YGYQRSUZ
XPGKI,BMXBZUKL
UBCSS,CCTZHXTJ
YNKPX,VWQFOFVY
QOVUG,QSSKTDFX
HSEHM,WGNTSEKF
NIPGJ,LYWEXZMT
QRETL,SYSDREZX
GWEJF,TZKTXAKR
WUCDB,GYWMZSHO
DWWEJ,BPFPVZBM
RWCKE,TFWPIAPU
MOKWV,USRGJWHK
MEAJM,TFBVTRSF
TQMFS,CBMSXJVH
BFBJN,HWWVEGCG
ZNQUR,WBRKUYDA
VFIPB,SVAMMETM
GCCKM,ZTFOODZB
YFRQW,HYVJRNDC
YEROK,EZWWPSKN
URVUJ,WGNLXJYK
WFXHJ,CLTUXNHJ
GGPFL,ESERRUXZ
ROYUP,UJVMRRML
MHMJO,TQMWIBGE
FAZLJ,YWRFEDKI
MZETI,LIXYIBBM
GZFPQ,NWYTZAVL
CDJFE,GHOEKGXG
GAMTZ,PZTWKMTG
ZDHIE,AVJJUVRX
ZDNRZ,OMFHKIZU
VOEXF,BZSWZQVF
VNMNQ,LXXKQLYA
MWJNZ,UCQRPZPK
QYIAD,IFQLAWYZ
IMKOC,JUNRSBQK
DYOPO,XAXRMQUD
HLESO,TKWNNUQQ
OJBHT,VGNIQALF
IAWLI,BJZNBJUA
GZATX,PYVCOUZB
JKGFT,NPKXNDQS
VBPYH,ZNUXUNYA
NQDJF,INZWKGCM
BLVZI,IQPKVHLY
GPBAO,DENZRJWI
TBAGP,GRBGVDSM
TAQYM,YBFIRYKB
RFGKK,QJPXYFLW
LAIJE,BKDISPDA
KJVAI,HZNYNLNO
LPQWN,EMSDLUEK
OFWBX,LRJWJJCW
YWCQF,RPKRGUXE
CMDNE,KDZAWIAK
UIGXM,UTTUHTSU
FBMYD,SAHKADQN
BIUDE,QDPADWOV
IGBUL,GJYQQAQA
DKAFD,BHXGKASR
IQUAL,YRVMTJDV
JUVEK,GHKBWHIR
NCHBU,LKYWHZWB
NXTEO,ILBVHMKL
VHABB,UXZWVDMV
XNYXJ,UXPNBUJX
QRVBO,VPVUNFLF
ONKTB,KLBKBTJJ
KKZRZ,EWELQJAD
NXIMD,MERIYHAR
DNVEA,ENVVLBDM
TFORC,NVEOLBFS
YVZVT,NKTFZCCJ
NIEEK,OLOZJPLB
VUBOL,LJHKXHSN
ALTPM,ICRLNEMZ
LCHVP,BRCTEPJZ
QBFFX,CKMCEGEI
YPTNK,AIEHAXVL
RUCEQ,CRAKVGDV
GGZFN,LHWKAXYZ
WYQLC,OAJCODJD
IIJTX,HCYMCMBV
QSPDA,AVCXABEG
OPIKX,CJHONOMH
PNDYG,AZRPWMLR
LCGIG,XBXJCHZN
XTLVY,LZGNMNSU
RUONM,KCKOKNSG
XTURC,XXLPTTYH
MNXGH,BLZRIRZH
TPGNP,NPCCMCYQ
BSNEX,FKWKJPUX
CPIFN,GZZNKEUO
OQINI,CTQSDING
SBQXU,IIYGEQAI
DEPNR,XMGSYNXA
YRSCR,PQIFBZUS
TNYTH,MYOAEEYR
YHNFG,TLAGWUYD
JKFTQ,SFYCFGTB
CAPVE,GKUPSUWE
GQJJM,DTNONKOR
RYSPV,ACOUPCJV
QVLPQ,IHJABIVN
AEUSO,AWQVCQAP
KRSUK,DXRSXKOU
SWMFA,VUBIASTV
CYVIS,QUHIGAQN
RSNMV,MLPPCXTU
YVEBG,BKODUAPH
LMYJH,SSHUTWBO
OQYEV,MLYSXLKQ
FALEP,CJKNSTKB
QIPMW,AJEOTOCF
SRRQM,LIOWMTHY
POZDK,LOYPSJXK
MDGPI,DBIHRZMY
NXCPZ,BLGEFGAJ
TLXXY,BGIHZYMA
WNKGW,JVGERXYX
DQMFD,JYXXLEEV
TMTTI,TBUSNGXT
DZHLM,RRERVYZL
BRYFH,XIHRGHLV
PQZUO,MOGQCAXS
VJHCJ,REEZDTAB
IKKSB,OMRDIMSN
MYCIK,HOINCSYX
KPBRP,QFFPUPRL
PRBPJ,RTIFGKOT
CRXDY,KQDPREDH
YRJFK,DCCZDARO
DHGDD,SBDQAFZK
RZOIY,BZCUPBWD
TKBZZ,FTAHHQWE
JVWLO,HKDUXLTO
CIGCO,AFAFNCVJ
ICBKD,ROZCGBNE
GZCCS,EJBEMOTY
SNCBJ,ZYZUUAAE
VSNAS,SYPNNMGK
VCRLO,WHANBKDH
NEYHR,VBZDYJRP
OCBIB,EYXTPWYX
PYFMR,AOQZPRJT
CYIRC,LZPJWQDZ
HDSOA,PCETVYUU
SJWWB,HKANHFSP
